ALTER TABLE `regiones` ADD `gl_codigo_region` CHAR(4) NULL AFTER `id_region`;
ALTER TABLE `regiones` ADD `gl_geozone` CHAR(4) NULL AFTER `gl_nombre_corto`;
ALTER TABLE `regiones` ADD `gl_path_logo` VARCHAR(200) NULL AFTER `gl_longitud`;
ALTER TABLE `regiones` ADD `nr_orden_territorial` TINYINT(2) NULL AFTER `gl_path_logo`;


INSERT INTO `regiones` (`id_region`, `gl_codigo_region`, `gl_nombre_region`, `gl_nombre_corto`, `gl_geozone`, `gl_latitud`, `gl_longitud`, `gl_path_logo`, `nr_orden_territorial`, `created_at`) VALUES
(1, 'I', 	'Región de Tarapacá', 			'Tarapacá',			  '19K', '-20.232689', '-70.136042',   	NULL, 2,  '2018-05-10 12:41:34'),
(2, 'II', 	'Región de Antofagasta', 		'Antofagasta',		  '19K', '-23.655776', '-70.397944',   	NULL, 3,  '2018-05-10 12:41:34'),
(3, 'III', 	'Región de Atacama', 			'Atacama',			  '19J', '-27.368584', '-70.332383',   	NULL, 4,  '2018-05-10 12:41:34'),
(4, 'IV', 	'Región de Coquimbo', 			'Coquimbo',			  '19J', '-29.904899', '-71.251766',   	NULL, 5,  '2018-05-10 12:41:34'),
(5, 'V', 	'Región de Valparaíso', 		'Valparaíso',		  '19H', '-33.04864',  '-71.613353',   	NULL, 6,  '2018-05-10 12:41:34'),
(6, 'VI', 	'Región de O''Higgins', 		'OHiggins',			  '19H', '-34.5755374','-71.00223110', 	NULL, 8,  '2018-05-10 12:41:34'),
(7, 'VII', 	'Región del Maule', 			'Maule',			  '19H', '-35.425676', '-71.648958', 	NULL, 9,  '2018-05-10 12:41:34'),
(8, 'VIII', 'Región del BiobÍo', 			'BiobÍo',			  '18H', '-36.82396',  '-73.044973', 	NULL, 10, '2018-05-10 12:41:34'),
(9, 'IX', 	'Región de la Araucanía', 		'Araucanía',		  '18H', '-38.738163', '-72.591269', 	NULL, 11, '2018-05-10 12:41:34'),
(10, 'X', 	'Región de los Lagos', 			'Los Lagos',		  '18G', '-41.470482', '-72.941322', 	NULL, 13, '2018-05-10 12:41:34'),
(11, 'XI', 	'Región de Aysén', 				'Aysén',			  '18G', '-45.572074', '-72.068376', 	NULL, 14, '2018-05-10 12:41:34'),
(12, 'XII', 'Región de Magallanes', 		'Magallanes',		  '19K', '-53.166717', '-70.916665', 	NULL, 15, '2018-05-10 12:41:34'),
(13, 'RM', 	'Región Metropolitana', 		'Metropolitana',	  '19H', '-33.479361', '-70.633042', 	NULL, 7,  '2018-05-10 12:41:34'),
(14, 'XIV', 'Región de los Ríos', 			'Los Ríos',			  '18H', '-39.832774', '-73.228373', 	NULL, 12, '2018-05-10 12:41:34'),
(15, 'XV', 	'Región de Arica y Parinacota', 'Arica y Parinacota', '19K', '-18.479707', '-70.310482', 	NULL, 1,  '2018-05-10 12:41:34');


ALTER TABLE `comunas` CHANGE `gl_logintud` `gl_longitud` DECIMAL(10,0) NULL DEFAULT NULL;

INSERT INTO `comunas` (`id_comuna`, `id_region`, `gl_nombre_comuna`, `gl_latitud`, `gl_longitud`) VALUES
(1, 	5,	 'Algarrobo', 			'-27.11299', '-109.34958059999997'),
(2, 	5,	 'Cabildo', 			'-32.4258064', '-71.06616209999999'),
(3, 	5,	 'La Calera', 			'-32.78779579999999', '-71.20399629999997'),
(4, 	5,	 'Calle Larga', 		'-32.857493', '-70.62580689999999'),
(5, 	5,	 'Cartagena', 			'-33.5482466', '-71.60457450000001'),
(6, 	5,	 'Casablanca', 			'-33.3190376', '-71.40763179999999'),
(7, 	5,	 'Catemu', 				'-32.875133', '-70.64882899999998'),
(8, 	5,	 'Concon', 				'-32.9299468', '-71.51860649999998'),
(9, 	5,	 'El Quisco', 			'-33.398596', '-71.6981538'),
(10, 	5,	 'El Tabo', 			'-33.4557162', '-71.66693409999999'),
(11, 	5,	 'Hijuelas', 			'-32.7980018', '-71.1437211'),
(12, 	5,	 'Isla De Pascua', 		'-27.11299', '-109.34958059999997'),
(13, 	5,	 'Juan Fernandez', 		'-33.64581779855622', '-78.82383273016359'),
(14, 	5,	 'La Cruz', 			'-32.8258069', '-71.2273055'),
(15, 	5,	 'La Ligua', 			'-32.44990180000001', '-71.23259580000001'),
(16, 	5,	 'Limache', 			'-33.0095283', '-71.25958880000002'),
(17, 	5,	 'Llay-Llay', 			'-32.8409806', '-70.956166'),
(18, 	5,	 'Los Andes', 			'-32.8337995', '-70.59721789999998'),
(19, 	5,	 'Nogales', 			'-32.73330000000001', '-71.20421149999999'),
(20, 	5,	 'Olmue', 				'-32.9958297', '-71.1812984'),
(21, 	5,	 'Panquehue', 			'-32.7670303', '-70.83330000000001'),
(22, 	5,	 'Papudo', 				'-32.5072087', '-71.44850129999998'),
(23, 	5,	 'Petorca', 			'-32.25', '-70.93330000000003'),
(24, 	5,	 'Puchuncavi', 			'-32.722005', '-71.41170039999997'),
(25, 	5,	 'Putaendo', 			'-32.628461', '-70.71774340000002'),
(26, 	5,	 'Quillota', 			'-32.8803027', '-71.2497156'),
(27, 	5,	 'Quilpue', 			'-33.0482707', '-71.4408752'),
(28, 	5,	 'Quintero', 			'-32.77231010000001', '-71.5333'),
(29, 	5,	 'Rinconada', 			'-32.8352416', '-70.70103670000003'),
(30, 	5,	 'San Antonio', 		'-33.5922807', '-71.60551229999999'),
(31, 	5,	 'San Esteban', 		'-32.8004995', '-70.57980320000001'),
(32, 	5,	 'San Felipe', 			'-32.75000000000001', '-70.72081149999997'),
(33, 	5,	 'Santa Maria', 		'-32.7470027', '-70.6587073'),
(34, 	5,	 'Santo Domingo', 		'-33.635833', '-71.62805600000002'),
(35, 	5,	 'Valparaiso', 			'-33.04723799999999', '-71.61268849999999'),
(36, 	5,	 'Villa Alemana', 		'-33.0516935', '-71.39062339999998'),
(37, 	5,	 'Viña Del Mar', 		'-33.01534809999999', '-71.55002760000002'),
(38, 	5,	 'Zapallar', 			'-32.5538059', '-71.4581359'),
(349, 	1,	 'Iquique', 			'-20.2307033', '-70.1356692'),
(350, 	1,	 'Alto Hospicio', 		'-20.2686722', '-70.10491689999998'),
(351, 	1,	 'Pozo Almonte', 		'-20.2567092', '-69.78601279999998'),
(352, 	1,	 'Camiña', 				'-19.312901218468397', '-69.42663448460695'),
(353, 	1,	 'Colchane', 			'-19.27628451426181', '-68.63856867199706'),
(354, 	1,	 'Huara', 				'-19.9972461', '-69.77185150000003'),
(355, 	1,	 'Pica', 				'-20.489483', '-69.330511'),
(356, 	2,	 'Antofagasta', 		'-23.6509279', '-70.39750219999996'),
(357, 	2,	 'Mejillones', 			'-23.0985013', '-70.4455041'),
(358, 	2,	 'Sierra Gorda', 		'-22.890124592402437', '-69.31840112963869'),
(359, 	2,	 'Taltal', 				'-25.407073844125676', '-70.48051357269281'),
(360, 	2,	 'Calama', 				'-22.4543923', '-68.92938190000001'),
(361, 	2,	 'Ollagüe', 			'-21.2256917', '-68.25478020000003'),
(362, 	2,	 'San Pedro de Atacama','-22.9087073', '-68.19971559999999'),
(363, 	2,	 'Tocopilla', 			'-22.0857976', '-70.1930064'),
(364, 	2,	 'María Elena', 		'-22.34408226891233', '-69.66432809829712'),
(365, 	3,	 'Copiapó', 			'-27.3665763', '-70.33215869999998'),
(366, 	3,	 'Caldera', 			'-27.0667', '-70.81781419999999'),
(367, 	3,	 'Tierra Amarilla', 	'-27.4671706', '-70.26521960000002'),
(368, 	3,	 'Chañaral', 			'-26.3450046', '-70.62419299999999'),
(369, 	3,	 'Diego de Almagro', 	'-26.3902488', '-70.04753019999998'),
(370, 	3,	 'Vallenar', 			'-28.5757953', '-70.75710090000001'),
(371, 	3,	 'Alto del Carmen', 	'-28.75944400000001', '-70.48666700000001'),
(372, 	3,	 'Freirina', 			'-28.51209399999999', '-71.07959670000002'),
(373, 	3,	 'Huasco', 				'-28.4664', '-71.2192'),
(374, 	4,	 'La Serena', 			'-29.9026691', '-71.25193739999997'),
(375, 	4,	 'Coquimbo', 			'-29.95900090000001', '-71.33891829999999'),
(376, 	4,	 'Andacollo', 			'-30.23579489999999', '-71.0828027'),
(377, 	4,	 'La Higuera', 			'-29.51140472215097', '-71.20045065879822'),
(378, 	4,	 'Paihuano', 			'-30.028621800337945', '-70.51665902137756'),
(379, 	4,	 'Vicuña', 				'-30.0319', '-70.7081'),
(380, 	4,	 'Illapel', 			'-31.6308', '-71.1653'),
(381, 	4,	 'Canela', 				'-31.398889', '-71.45611099999996'),
(382, 	4,	 'Los Vilos', 			'-31.9121865', '-71.51120170000002'),
(383, 	4,	 'Salamanca', 			'-31.782493', '-70.9607105'),
(384, 	4,	 'Ovalle', 				'-30.604304', '-71.19698819999996'),
(385, 	4,	 'Combarbalá', 			'-31.1790967', '-71.00509579999999'),
(386, 	4,	 'Monte Patria', 		'-30.6978944', '-70.95868889999997'),
(387, 	4,	 'Punitaqui', 			'-30.82609950000001', '-71.25779119999999'),
(388, 	4,	 'Río Hurtado', 		'-30.277525519466963', '-70.66987752914429'),
(389, 	6,	 'Rancagua', 			'-34.17013240000001', '-70.7406259'),
(390, 	6,	 'Codegua', 			'-34.0370319', '-70.67286410000003'),
(391, 	6,	 'Coinco', 				'-34.26949169158072', '-70.95440643541258'),
(392, 	6,	 'Coltauco', 			'-34.2877978', '-71.0855512'),
(393, 	6,	 'Doñihue', 			'-34.228986', '-70.95792879999999'),
(394, 	6,	 'Graneros', 			'-34.0666916', '-70.73256459999999'),
(395, 	6,	 'Las Cabras', 			'-34.29204500000001', '-71.30915099999999'),
(396, 	6,	 'Machalí', 			'-34.179452', '-70.65651509999998'),
(397, 	6,	 'Malloa', 				'-34.4423905', '-70.9463887'),
(398, 	6,	 'Mostazal', 			'-33.97937429724559', '-70.71193268569334'),
(399, 	6,	 'Olivar', 				'-34.233', '-70.88299999999998'),
(400, 	6,	 'Peumo', 				'-34.3963392', '-71.1700793'),
(401, 	6,	 'Pichidegua', 			'-34.3573785', '-71.28725959999997'),
(402, 	6,	 'Quinta de Tilcoco', 	'-34.3554003', '-70.9704681'),
(403, 	6,	 'Rengo', 				'-34.4023791', '-70.86744110000001'),
(404, 	6,	 'Requínoa', 			'-34.2883749', '-70.815833'),
(405, 	6,	 'San Vicente de Tagua Tagua', 				'-34.4349435', '-71.09137479999998'),
(406, 	6,	 'Pichilemu', 			'-34.3867245', '-72.00477309999997'),
(407, 	6,	 'La Estrella', 		'-34.2051972', '-71.6547276'),
(408, 	6,	 'Litueche', 			'-34.11727199999999', '-71.72517599999998'),
(409, 	6,	 'Marchihue', 			'-34.3984467', '-71.62157150000002'),
(410, 	6,	 'Navidad', 			'-33.9593954', '-71.82951880000002'),
(411, 	6,	 'Paredones', 			'-34.6519651', '-71.90014480000002'),
(412, 	6,	 'San Fernando', 		'-34.5858603', '-70.9907801'),
(413, 	6,	 'Chépica', 			'-34.7255387', '-71.27259249999997'),
(414, 	6,	 'Chimbarongo', 		'-34.70924', '-71.0412713'),
(415, 	6,	 'Lolol', 				'-34.7284166', '-71.64582430000002'),
(416, 	6,	 'Nancagua', 			'-34.6523209', '-71.1968597'),
(417, 	6,	 'Palmilla', 			'-34.596538112864785', '-71.36247217655182'),
(418, 	6,	 'Peralillo', 			'-34.4772681', '-71.487259'),
(419, 	6,	 'Placilla', 			'-34.6337953', '-71.11082729999998'),
(420, 	6,	 'Pumanque', 			'-34.6026565', '-71.65529329999998'),
(421, 	6,	 'Santa Cruz', 			'-34.6324213', '-71.35921159999998'),
(422, 	7,	 'Talca', 				'-35.42324440000001', '-71.64848039999998'),
(423, 	7,	 'Constitución', 		'-35.33330000000001', '-72.41669999999999'),
(424, 	7,	 'Curepto', 			'-35.0958545', '-72.02088909999998'),
(425, 	7,	 'Empedrado', 			'-35.58994300000001', '-72.2763046'),
(426, 	7,	 'Maule', 				'-35.5183364', '-71.68849119999999'),
(427, 	7,	 'Pelarco', 			'-35.3838823', '-71.44719199999997'),
(428, 	7,	 'Pencahue', 			'-35.3960652', '-71.79745630000002'),
(429, 	7,	 'Río Claro', 			'-35.2808267', '-71.25995069999999'),
(430, 	7,	 'San Clemente', 		'-35.536927', '-71.48602900000003'),
(431, 	7,	 'San Rafael', 			'-35.3074574', '-71.52349859999998'),
(432, 	7,	 'Cauquenes', 			'-35.9676285', '-72.3222331'),
(433, 	7,	 'Chanco', 				'-35.73329999999999', '-72.5333'),
(434, 	7,	 'Pelluhue', 			'-35.8141512', '-72.57499789999997'),
(435, 	7,	 'Curicó', 				'-34.9779853', '-71.25288030000002'),
(436, 	7,	 'Hualañé', 			'-34.9725157', '-71.7993371'),
(437, 	7,	 'Licantén', 			'-34.9852447', '-71.98498799999999'),
(438, 	7,	 'Molina', 				'-35.1164987', '-71.2829759'),
(439, 	7,	 'Rauco', 				'-34.9253441', '-71.3156315'),
(440, 	7,	 'Romeral', 			'-34.960474', '-71.12572499999999'),
(441, 	7,	 'Sagrada Familia', 	'-34.9984205', '-71.34458219999999'),
(442, 	7,	 'Teno', 				'-34.8702993', '-71.16640330000001'),
(443, 	7,	 'Vichuquén', 			'-34.8837446', '-71.99539720000001'),
(444, 	7,	 'Linares', 			'-35.846407', '-71.59961369999996'),
(445, 	7,	 'Colbún', 				'-35.699248', '-71.4146915'),
(446, 	7,	 'Longaví', 			'-35.9636265', '-71.68312509999998'),
(447, 	7,	 'Parral', 				'-36.14064839999999', '-71.82275279999999'),
(448, 	7,	 'Retiro', 				'-36.05766010000001', '-71.7656136'),
(449, 	7,	 'San Javier', 			'-35.5930962', '-71.73250209999998'),
(450, 	7,	 'Villa Alegre', 		'-35.6761961', '-71.7439129'),
(451, 	7,	 'Yerbas Buenas', 		'-35.750077', '-71.5837328'),
(452, 	8,	 'Concepción', 			'-36.82013519999999', '-73.0443904'),
(453, 	8,	 'Coronel', 			'-37.0340769', '-73.14048379999997'),
(454, 	8,	 'Chiguayante', 		'-36.95321659999999', '-73.01737800000001'),
(455, 	8,	 'Florida', 			'-36.82378750000001', '-72.66847180000002'),
(456, 	8,	 'Hualqui', 			'-36.9737875', '-72.9368437'),
(457, 	8,	 'Lota', 				'-37.0920575', '-73.1545822'),
(458, 	8,	 'Penco', 				'-36.73330000000001', '-72.98329999999999'),
(459, 	8,	 'San Pedro de la Paz', '-36.83053539999999', '-73.11673680000001'),
(460, 	8,	 'Santa Juana', 		'-37.1749687', '-72.9457031'),
(461, 	8,	 'Talcahuano', 			'-36.7247834', '-73.11698079999996'),
(462, 	8,	 'Tomé', 				'-36.61315620000001', '-72.95885929999997'),
(463, 	8,	 'Hualpén', 			'-36.7866757', '-73.10995309999998'),
(464, 	8,	 'Lebu', 				'-37.6097143', '-73.64832939999997'),
(465, 	8,	 'Arauco', 				'-37.2457765', '-73.31666439999998'),
(466, 	8,	 'Cañete', 				'-37.8058201', '-73.39197389999998'),
(467, 	8,	 'Contulmo', 			'-38.0149266', '-73.22928780000001'),
(468, 	8,	 'Curanilahue', 		'-37.4762431', '-73.34212430000002'),
(469, 	8,	 'Los Álamos', 			'37.6261237', '-73.46226639999998'),
(470, 	8,	 'Tirúa', 				'-38.3441867', '-73.4936495'),
(471, 	8,	 'Los Ángeles', 		'-37.4629159', '-72.36122510000001'),
(472, 	8,	 'Antuco', 				'-37.3313164', '-71.67642769999998'),
(473, 	8,	 'Cabrero', 			'-37.0332999', '-72.39999999999998'),
(474, 	8,	 'Laja', 				'-37.273322743127736', '-72.71869445034184'),
(475, 	8,	 'Mulchén', 			'-37.7178812', '-72.23743430000002'),
(476, 	8,	 'Nacimiento', 			'-37.50590619999999', '-72.6737875'),
(477, 	8,	 'Negrete', 			'-37.5862531', '-72.5320562'),
(478, 	8,	 'Quilaco', 			'-37.6875544', '-71.99866259999999'),
(479, 	8,	 'Quilleco', 			'-37.4741645', '-71.98362050000003'),
(480, 	8,	 'San Rosendo', 		'-37.2620301', '-72.72311189999999'),
(481, 	8,	 'Santa Bárbara', 		'-37.66670000000001', '-72.01670000000001'),
(482, 	8,	 'Tucapel', 			'-37.2923048', '-71.9512186'),
(483, 	8,	 'Yumbel', 				'-37.09637707446593', '-72.5632667724609'),
(484, 	8,	 'Alto Bío-Bío', 		'-37.8796649', '-71.63878999999997'),
(485, 	8,	 'Chillán', 			'-36.60626179999999', '-72.1023351'),
(486, 	8,	 'Bulnes', 				'-36.7421593', '-72.30177179999998'),
(487, 	8,	 'Cobquecura', 			'-36.1386156', '-72.79452179999998'),
(488, 	8,	 'Coelemu', 			'-36.4833', '-72.69999999999999'),
(489, 	8,	 'Coihueco', 			'-36.628285', '-71.83180500000003'),
(490, 	8,	 'Chillán Viejo', 		'-36.6291031', '-72.1397968'),
(491, 	8,	 'El Carmen', 			'-36.9', '-72.0333'),
(492, 	8,	 'Ninhue', 				'-36.40000000000001', '-72.39999999999998'),
(493, 	8,	 'Ñiquén', 				'-36.295826', '-71.901895'),
(494, 	8,	 'Pemuco', 				'-36.975945', '-72.099464'),
(495, 	8,	 'Pinto', 				'-36.702644', '-71.890314'),
(496, 	8,	 'Portezuelo', 			'-36.527862', '-72.428440'),
(497, 	8,	 'Quillón', 			'-36.744211', '-72.476825'),
(498, 	8,	 'Quirihue', 			'-36.283567', '-72.533452'),
(499, 	8,	 'Ránquil', 			'-36.652153', '-72.596793'),
(500, 	8,	 'San Carlos', 			'-36.426846', '-71.968393'),
(501, 	8,	 'San Fabián', 			'-36.550252', '-71.550019'),
(502, 	8,	 'San Ignacio', 		'-36.799561', '-72.031074'),
(503, 	8,	 'San Nicolás', 		'-36.500624', '-72.216555'),
(504, 	8,	 'Treguaco', 			'-36.431550', '-72.663580'),
(505, 	8,	 'Yungay', 				'-37.122712', '-72.013281'),
(506, 	9,	 'Temuco', 				'-38.737271', '-72.590016'),
(507, 	9,	 'Carahue', 			'-38.712489', '-73.165813'),
(508, 	9,	 'Cunco', 				'-38.931747', '-72.028600'),
(509, 	9,	 'Curarrehue', 			'-39.361577', '-71.587481'),
(510, 	9,	 'Freire', 				'-38.958144', '-72.627374'),
(511, 	9,	 'Galvarino', 			'-38.4127801', '-72.7823172'),
(512, 	9,	 'Gorbea', 				'-39.100955', '-72.676340'),
(513, 	9,	 'Lautaro', 			'-38.508975', '-72.453507'),
(514, 	9,	 'Loncoche', 			'-39.368186', '-72.631525'),
(515, 	9,	 'Melipeuco', 			'-38.852785', '-71.693289'),
(516, 	9,	 'Nueva Imperial', 		'-38.7434351', '-72.9635725'),
(517, 	9,	 'Padre las Casas', 	'-38.7673148', '-72.6109099'),
(518, 	9,	 'Perquenco', 			'-38.4161051', '-72.3778105'),
(519, 	9,	 'Pitrufquén', 			'-38.9799535', '-72.6503328'),
(520, 	9,	 'Pucón', 				'-39.2804107', '-71.9679351'),
(521, 	9,	 'Saavedra', 			'-38.792686', '-73.395493'),
(522, 	9,	 'Teodoro Schmidt', 	'-38.9992981', '-73.0975742'),
(523, 	9,	 'Toltén', 				'-39.177372', '-73.168088'),
(524, 	9,	 'Vilcún', 				'-38.6653034', '-72.2310324'),
(525, 	9,	 'Villarrica', 			'-39.282723', '-72.230494'),
(526, 	9,	 'Cholchol', 			'-38.600278', '-72.8445786'),
(527, 	9,	 'Angol', 				'-37.797287', '-72.709133'),
(528, 	9,	 'Collipulli', 			'-37.958874', '-72.431871'),
(529, 	9,	 'Curacautín', 			'-38.441029', '-71.889754'),
(530, 	9,	 'Ercilla', 			'-38.062459', '-72.376761'),
(531, 	9,	 'Lonquimay', 			'-38.454545', '-71.369709'),
(532, 	9,	 'Los Sauces', 			'-37.979546', '-72.834310'),
(533, 	9,	 'Lumaco', 				'-38.712999', '-73.1574428'),
(534, 	9,	 'Purén', 				'-38.032863', '-73.072006'),
(535, 	9,	 'Renaico', 			'-37.673983', '-72.589086'),
(536, 	9,	 'Traiguén', 			'-38.2476676', '-72.6854357'),
(537, 	9,	 'Victoria', 			'-38.233790', '-72.349697'),
(538, 	10,	 'Puerto Montt', 		'-41.467782', '-72.940667'),
(539, 	10,	 'Calbuco', 			'-41.772890', '-73.132342'),
(540, 	10,	 'Cochamó', 			'-41.4871444', '-72.3300471'),
(541, 	10,	 'Fresia', 				'-41.1470594', '-73.431413'),
(542, 	10,	 'Frutillar', 			'-41.1134427', '-73.0610424'),
(543, 	10,	 'Los Muermos', 		'-41.396715', '-73.462989'),
(544, 	10,	 'Llanquihue', 			'-41.2548538', '-73.0157805'),
(545, 	10,	 'Maullín', 			'-41.6108543', '-73.6059163'),
(546, 	10,	 'Puerto Varas', 		'-41.317058', '-72.983315'),
(547, 	10,	 'Castro', 				'-42.480377', '-73.762489'),
(548, 	10,	 'Ancud', 				'-41.867847', '-73.828347'),
(549, 	10,	 'Chonchi', 			'-42.6098746', '-73.7584514'),
(550, 	10,	 'Curaco de Vélez', 	'-42.4405428', '-73.6374494'),
(551, 	10,	 'Dalcahue', 			'-42.378003', '-73.651798'),
(552, 	10,	 'Puqueldón', 			'-42.5958828', '-73.6979392'),
(553, 	10,	 'Queilén', 			'-42.6186003', '-73.7822368'),
(554, 	10,	 'Quellón', 			'-43.1160902', '-73.6183659'),
(555, 	10,	 'Quemchi', 			'-42.1427585', '-73.4765069'),
(556, 	10,	 'Quinchao', 			'-42.5358993', '-73.4295083'),
(557, 	10,	 'Osorno', 				'-40.577255', '-73.114884'),
(558, 	10,	 'Puerto Octay', 		'-40.9768332', '-72.8841503'),
(559, 	10,	 'Purranque', 			'-40.9072002', '-73.1731541'),
(560, 	10,	 'Puyehue', 			'-40.70642', '-72.6458488'),
(561, 	10,	 'Río Negro', 			'-40.794789', '-73.216377'),
(562, 	10,	 'San Juan de La Costa','-40.488690', '-73.405154'),
(563, 	10,	 'San Pablo', 			'-40.4124885', '-73.0146813'),
(564, 	10,	 'Chaitén', 			'-42.917295', '-72.710749'),
(565, 	10,	 'Futaleufú', 			'-43.1832961', '-71.8688887'),
(566, 	10,	 'Hualaihué', 			'-42.022373', '-72.689454'),
(567, 	10,	 'Palena', 				'-43.616942', '-71.799847'),
(568, 	11,	 'Coyhaique', 			'-45.572513', '-72.068985'),
(569, 	11,	 'Lago Verde', 			'-44.239157', '-71.850837'),
(570, 	11,	 'Aysen', 				'-45.407120', '-72.698910'),
(571, 	11,	 'Cisnes', 				'-44.732535', '-72.680989'),
(572, 	11,	 'Guaitecas', 			'-43.896042', '-73.745841'),
(573, 	11,	 'Cochrane', 			'-47.253776', '-72.574874'),
(574, 	11,	 'O''Higgins', 			'-48.467232', '-72.559444'),
(575, 	11,	 'Tortel', 				'-47.801475', '-73.535814'),
(576, 	11,	 'Chile Chico', 		'-46.541087', '-71.725439'),
(577, 	11,	 'Río Ibáñez', 			'-46.292670', '-71.938678'),
(578, 	12,	 'Punta Arenas', 		'-53.164589', '-70.917853'),
(579, 	12,	 'Laguna Blanca', 		'-52.2522515', '-71.9176342'),
(580, 	12,	 'Río Verde', 			'-52.601358', '-71.505489'),
(581, 	12,	 'San Gregorio', 		'-52.554785', '-70.406665'),
(582, 	12,	 'Cabo de Hornos', 		'-54.9333299', '-67.6188557'),
(583, 	12,	 'Antártica', 			'-55.1656683', '-70.3733059'),
(584, 	12,	 'Porvenir', 			'-53.295283', '-70.369668'),
(585, 	12,	 'Primavera', 			'-52.774197', '-69.289192'),
(586, 	12,	 'Timaukel', 			'-54.2947188', '-69.1696887'),
(587, 	12,	 'Natales', 			'-51.731981', '-72.512112'),
(588, 	12,	 'Torres del Paine', 	'-51.258423', '-72.344755'),
(589, 	13,	 'Santiago', 			'-33.449288', '-70.669287'),
(590, 	13,	 'Cerrillos', 			'-33.500749', '-70.709519'),
(591, 	13,	 'Cerro Navia', 		'-33.434858', '-70.730044'),
(592, 	13,	 'Conchalí', 			'-33.383446', '-70.677602'),
(593, 	13,	 'El Bosque', 			'-33.564028', '-70.675615'),
(594, 	13,	 'Estación Central ', 	'-33.463599', '-70.701278'),
(595, 	13,	 'Huechuraba', 			'-33.374789', '-70.649025'),
(596, 	13,	 'Independencia', 		'-33.413347', '-70.666295'),
(597, 	13,	 'La Cisterna', 		'-33.529919', '-70.663584'),
(598, 	13,	 'La Florida', 			'-33.537088', '-70.586124'),
(599, 	13,	 'La Pintana', 			'-33.587773', '-70.633397'),
(600, 	13,	 'La Granja', 			'-33.532433', '-70.623861'),
(601, 	13,	 'La Reina', 			'-33.446470', '-70.546141'),
(602, 	13,	 'Las Condes', 			'-33.409332', '-70.567308'),
(603, 	13,	 'Lo Barnechea', 		'-33.357689', '-70.511874'),
(604, 	13,	 'Lo Espejo', 			'-33.519326', '-70.691010'),
(605, 	13,	 'Lo Prado', 			'-33.446574', '-70.722864'),
(606, 	13,	 'Macul', 				'-33.490635', '-70.599213'),
(607, 	13,	 'Maipú', 				'-33.521463', '-70.762566'),
(608, 	13,	 'Ñuñoa', 				'-33.459518', '-70.597858'),
(609, 	13,	 'Pedro Aguirre Cerda', '-33.490096', '-70.675792'),
(610, 	13,	 'Peñalolén', 			'33.485871', '-70.547143'),
(611, 	13,	 'Providencia', 		'-33.431494', '-70.611057'),
(612, 	13,	 'Pudahuel', 			'33.4421948', '-70.7667027'),
(613, 	13,	 'Quilicura', 			'33.359090', '-70.728871'),
(614, 	13,	 'Quinta Normal', 		'-33.429280', '-70.692999'),
(615, 	13,	 'Recoleta', 			'33.405892', '-70.638563'),
(616, 	13,	 'Renca', 				'-33.401565', '-70.707589'),
(617, 	13,	 'San Joaquín', 		'-33.496346', '-70.626743'),
(618, 	13,	 'San Miguel', 			'33.495089', '-70.651496'),
(619, 	13,	 'San Ramón', 			'-33.535854', '-70.644564'),
(620, 	13,	 'Vitacura', 			'-33.386826', '-70.563540'),
(621, 	13,	 'Puente Alto', 		'-33.620226', '-70.591315'),
(622, 	13,	 'Pirque', 				'-33.679667', '-70.583014'),
(623, 	13,	 'San José de Maipo', 	'-33.768167', '-70.276530'),
(624, 	13,	 'Colina', 				'-33.204807', '-70.675752'),
(625, 	13,	 'Lampa', 				'-33.285037', '-70.877380'),
(626, 	13,	 'Tiltil', 				'-33.084425', '-70.928487'),
(627, 	13,	 'San Bernardo', 		'-33.585796', '-70.699551'),
(628, 	13,	 'Buin', 				'-33.731915', '-70.742231'),
(629, 	13,	 'Calera de Tango', 	'-33.628194', '-70.770057'),
(630, 	13,	 'Paine', 				'-33.813328', '-70.737956'),
(631, 	13,	 'Melipilla', 			'-33.686780', '-71.216045'),
(632, 	13,	 'Alhué', 				'-34.031137', '-71.100986'),
(633, 	13,	 'Curacaví', 			'-33.398397', '-71.127384'),
(634, 	13,	 'María Pinto', 		'-33.517241', '-71.123586'),
(635, 	13,	 'San Pedro', 			'-33.894642', '-71.456634'),
(636, 	13,	 'Talagante', 			'-33.664827', '-70.928011'),
(637, 	13,	 'El Monte', 			'-33.681842', '-70.985108'),
(638, 	13,	 'Isla de Maipo', 		'-33.747420', '-70.900116'),
(639, 	13,	 'Padre Hurtado', 		'-33.575862', '-70.813824'),
(640, 	13,	 'Peñaflor', 			'-33.606497', '-70.877531'),
(641, 	14,	 'Valdivia', 			'-39.817599', '-73.242476'),
(642, 	14,	 'Corral', 				'-39.888513', '-73.431551'),
(643, 	14,	 'Lanco', 				'-39.451111', '-72.779639'),
(644, 	14,	 'Los Lagos', 			'-39.862813', '-72.818536'),
(645, 	14,	 'Máfil', 				'-39.666037', '-72.953093'),
(646, 	14,	 'Mariquina', 			'-39.540064', '-72.965921'),
(647, 	14,	 'Paillaco', 			'-40.070272', '-72.873286'),
(648, 	14,	 'Panguipulli', 		'-39.642306', '-72.337384'),
(649, 	14,	 'La Unión', 			'-40.295234', '-73.079601'),
(650, 	14,	 'Futrono', 			'-40.125025', '-72.381741'),
(651, 	14,	 'Lago Ranco', 			'-40.321437', '-72.482457'),
(652, 	14,	 'Río Bueno', 			'-40.331187', '-72.948834'),
(653, 	15,	 'Arica', 				'-18.477677', '-70.311822'),
(654, 	15,	 'Camarones', 			'-19.010661', '-69.860076'),
(655, 	15,	 'Putre', 				'-18.196932', '-69.559871'),
(656, 	15,	 'General Lagos', 		'-17.869381', '-69.581695'),
(657, 	10,	 'Carelmapu', 			'-41.741306', '-73.701746'),
(658, 	10,	 'Quenuir', 			'-41.475349', '-72.915442'),
(659, 	10,	 'San Juan Costa', 		'-40.516669', '-73.399843');


ALTER TABLE `paises` ADD `gl_nombre_nacionalidad` VARCHAR(99) NULL AFTER `gl_nombre`;

INSERT INTO `paises` (`id_pais`, `gl_nombre`, `gl_nombre_nacionalidad`) VALUES
(4, 'AFGANISTÁN', 'Afgana'),
(8, 'ALBANIA', 'Albanesa'),
(10, 'ANTÁRTIDA', 'Antártica'),
(12, 'ARGEL', 'Argelina'),
(16, 'SAMOA AMERICANA', 'Samoamericana'),
(20, 'ANDORRA', 'Andorrana'),
(24, 'ANGOLA', 'Angoleña'),
(28, 'ANTIGUA Y BARBUDA', 'Antiguana'),
(31, 'AZERBAIYÁN', 'Azerbaiyana'),
(32, 'ARGENTINA', 'Argentina'),
(36, 'AUSTRALIA', 'Australiana'),
(40, 'AUSTRIA', 'Austríaca'),
(44, 'BAHAMAS', 'Bahameña'),
(48, 'BAHRÉIN', 'Bareiní'),
(50, 'BANGLADESH', 'Bangladesí'),
(51, 'ARMENIA', 'Armenia'),
(52, 'BARBADOS', 'Barbadense'),
(56, 'BÉLGICA', 'Belga'),
(60, 'BERMUDAS', 'Bermudeña'),
(64, 'BHUTÁN', 'Butanesa'),
(68, 'BOLIVIA', 'Boliviana'),
(70, 'BOSNIA Y HERZEGOVINA', 'Bosnia'),
(72, 'BOTSUANA', 'Botsuana'),
(74, 'ISLA BOUVET', 'Isla Bouvet'),
(76, 'BRASIL', 'Brasileña'),
(84, 'BELICE', 'Beliceño'),
(86, 'TERRITORIO BRITÁNICO DEL OCÉANO ÍNDICO', 'Chaguense'),
(90, 'ISLAS SOLOMÓN', 'Salomonense'),
(92, 'ISLAS VÍRGENES BRITÁNICAS', 'Virgenense'),
(96, 'BRUNÉI', 'Bruneana'),
(100, 'BULGARIA', 'Búlgara'),
(104, 'MYANMAR', 'Myanma'),
(108, 'BURUNDI', 'Burundesa'),
(112, 'BELARÚS', 'Bielorruso'),
(116, 'CAMBOYA', 'Camboyana'),
(120, 'CAMERÚN', 'Camerunesa'),
(124, 'CANADÁ', 'Canadiense'),
(132, 'CABO VERDE', 'Caboverdiana'),
(136, 'ISLAS CAIMÁN', 'Caimanés'),
(140, 'REPÚBLICA CENTRO-AFRICANA', 'Centroafricana'),
(144, 'SRI LANKA', 'Ceilanesa'),
(148, 'CHAD', 'Chadiana'),
(152, 'CHILE', 'Chilena'),
(156, 'CHINA', 'China'),
(158, 'TAIWÁN', 'Taiwanesa'),
(162, 'ISLAS CHRISTMAS', 'Navideña'),
(166, 'ISLAS COCOS', 'Cocana'),
(170, 'COLOMBIA', 'Colombiana'),
(174, 'COMOROS', 'Comorense'),
(175, 'MAYOTTE', 'Mayotesa'),
(178, 'CONGO', 'Congolesa'),
(184, 'ISLAS COOK', 'Cookiana'),
(188, 'COSTA RICA', 'Costarricense'),
(203, 'REPÚBLICA CHECA', 'Checa'),
(204, 'BENIN', 'Beninesa'),
(208, 'DINAMARCA', 'Danesa'),
(212, 'DOMÍNICA', 'Dominiquesa'),
(214, 'REPÚBLICA DOMINICANA', 'Dominicana'),
(218, 'ECUADOR', 'Ecuatoriana'),
(222, 'EL SALVADOR', 'Salvadoreña'),
(226, 'GUINEA ECUATORIAL', 'Ecuatoguineana'),
(231, 'ETIOPÍA', 'Etíope'),
(232, 'ERITREA', 'Eritrea'),
(233, 'ESTONIA', 'Estonia'),
(234, 'ISLAS FAROE', 'Feroesa'),
(238, 'ISLAS MALVINAS', 'Malvinense'),
(239, 'GEORGIA DEL SUR E ISLAS SANDWICH DEL SUR', 'Georgiana'),
(242, 'FIJI', 'Fiyiana'),
(246, 'FINLANDIA', 'Finlandesa'),
(248, 'ISLAS ÁLAND', 'Alandesa'),
(250, 'FRANCIA', 'Francesa'),
(254, 'GUAYANA FRANCESA', 'Francoguayanesa'),
(258, 'POLINESIA FRANCESA', 'Francopolinesia'),
(260, 'TERRITORIOS AUSTRALES FRANCESES', 'Territorios Australes Franceses'),
(262, 'YIBUTI', 'Yibutiana'),
(266, 'GABÓN', 'Gabonesa'),
(268, 'GEORGIA', 'Georgiana'),
(270, 'GAMBIA', 'Gambiana'),
(275, 'PALESTINA', 'Palestina'),
(276, 'ALEMANIA', 'Alemana'),
(288, 'GHANA', 'Ghanesa'),
(292, 'GIBRALTAR', 'Gibraltareña'),
(296, 'KIRIBATI', 'Kiribatiana'),
(300, 'GRECIA', 'Griega'),
(304, 'GROENLANDIA', 'Groenlandesa'),
(308, 'GRANADA', 'Granadina'),
(312, 'GUADALUPE', 'Guadalupeña'),
(316, 'GUAM', 'Guameña'),
(320, 'GUATEMALA', 'Guatemalteca'),
(324, 'GUINEA', 'Guineana'),
(328, 'GUAYANA', 'Guayanesa'),
(332, 'HAITÍ', 'Haitiana'),
(334, 'ISLAS HEARD Y MCDONALD', 'Islas Heard y McDonald'),
(336, 'CIUDAD DEL VATICANO', 'Vaticana'),
(340, 'HONDURAS', 'Hondureña'),
(344, 'HONG KONG', 'Hongkonesa'),
(348, 'HUNGRÍA', 'Húngara'),
(352, 'ISLANDIA', 'Islandesa'),
(356, 'INDIA', 'India'),
(360, 'INDONESIA', 'Indonesia'),
(364, 'IRÁN', 'Iraní'),
(368, 'IRAK', 'Iraquí'),
(372, 'IRLANDA', 'Irlandés'),
(376, 'ISRAEL', 'Israelí'),
(400, 'JORDANIA', 'Jordana'),
(404, 'KENIA', 'Keniana'),
(408, 'COREA DEL NORTE', 'Norcoreana'),
(410, 'COREA DEL SUR', 'Surcoreana'),
(414, 'KUWAIT', 'Kuwaití'),
(417, 'KIRGUISTÁN', 'Kirguisa'),
(418, 'LAOS', 'Laosiana'),
(422, 'LÍBANO', 'Libanesa'),
(426, 'LESOTHO', 'Lesotense'),
(428, 'LETONIA', 'Letona'),
(430, 'LIBERIA', 'Liberiana'),
(434, 'LIBIA', 'Libia'),
(438, 'LIECHTENSTEIN', 'Liechtensteiniana'),
(440, 'LITUANIA', 'Lituana'),
(442, 'LUXEMBURGO', 'Luxemburguesa'),
(446, 'MACAO', 'Macaense'),
(450, 'MADAGASCAR', 'Malgache'),
(454, 'MALAWI', 'Malauí'),
(458, 'MALASIA', 'Malasia'),
(462, 'MALDIVAS', 'Maldiva'),
(466, 'MALI', 'Maliense'),
(470, 'MALTA', 'Maltesa'),
(474, 'MARTINICA', 'Martiniqués'),
(478, 'MAURITANIA', 'Mauritana'),
(480, 'MAURICIO', 'Mauriciana'),
(484, 'MÉXICO', 'Mexicana'),
(492, 'MÓNACO', 'Monegasca'),
(496, 'MONGOLIA', 'Mongola'),
(498, 'MOLDOVA', 'Moldava'),
(499, 'MONTENEGRO', 'Montenegrina'),
(500, 'MONTSERRAT', 'Monserratina'),
(504, 'MARRUECOS', 'Marroquí'),
(508, 'MOZAMBIQUE', 'Mozambiqueña'),
(512, 'OMÁN', 'Omaní'),
(516, 'NAMIBIA', 'Namibia'),
(520, 'NAURU', 'Nauruana'),
(524, 'NEPAL', 'Nepalí'),
(528, 'PAÍSES BAJOS', 'Neerlandesa'),
(530, 'ANTILLAS NEERLANDESAS', 'Neerlandesa'),
(533, 'ARUBA', 'Arubeña'),
(540, 'NUEVA CALEDONIA', 'Neocaledonia'),
(548, 'VANUATU', 'Vanuatuense'),
(554, 'NUEVA ZELANDA', 'Neozelandesa'),
(558, 'NICARAGUA', 'Nicaragüense'),
(562, 'NÍGER', 'Nigerina'),
(566, 'NIGERIA', 'Nigeriana'),
(570, 'NIUE', 'Niueña'),
(574, 'ISLAS NORKFOLK', 'Norfolkense'),
(578, 'NORUEGA', 'Noruega'),
(583, 'MICRONESIA', 'Micronesia'),
(584, 'ISLAS MARSHALL', 'Marshalesa'),
(585, 'ISLAS PALAOS', 'Palauana'),
(586, 'PAKISTÁN', 'Pakistaní'),
(591, 'PANAMÁ', 'Panameña'),
(598, 'PAPÚA NUEVA GUINEA', 'Papúa'),
(600, 'PARAGUAY', 'Paraguaya'),
(604, 'PERÚ', 'Peruana'),
(608, 'FILIPINAS', 'Filipina'),
(612, 'ISLAS PITCAIRN', 'Pitcairnesa'),
(616, 'POLONIA', 'Polaca'),
(620, 'PORTUGAL', 'Portuguesa'),
(624, 'GUINEA-BISSAU', 'Bisauguineana'),
(626, 'TIMOR-LESTE', 'Timorense'),
(630, 'PUERTO RICO', 'Portoriqueña'),
(634, 'QATAR', 'Catarí'),
(638, 'REUNIÓN', 'Reunionesa'),
(642, 'RUMANÍA', 'Rumana'),
(643, 'RUSIA', 'Rusa'),
(646, 'RUANDA', 'Rueandesa'),
(652, 'SAN BARTOLOMÉ', 'Sambartolomeana'),
(654, 'SANTA ELENA', 'Santahelena'),
(659, 'SAN CRISTÓBAL Y NIEVES', 'Sancristobaleña'),
(660, 'ANGUILA', 'Anguilana'),
(662, 'SANTA LUCÍA', 'Santalucense'),
(666, 'SAN PEDRO Y MIQUELÓN', 'Sanpedrino'),
(670, 'SAN VICENTE Y LAS GRANADINAS', 'Sanvicentino'),
(674, 'SAN MARINO', 'Sanmarinense'),
(678, 'SANTO TOMÉ Y PRÍNCIPE', 'Santotomense'),
(682, 'ARABIA SAUDITA', 'Saudita'),
(686, 'SENEGAL', 'Senegalesa'),
(688, 'SERBIA Y MONTENEGRO', 'Serbia'),
(690, 'SEYCHELLES', 'Seychellense'),
(694, 'SIERRA LEONA', 'Sierraleonesa'),
(702, 'SINGAPUR', 'Singapurense'),
(703, 'ESLOVAQUIA', 'Eslovaca'),
(704, 'VIETNAM', 'Vietnamita'),
(705, 'ESLOVENIA', 'Eslovena'),
(706, 'SOMALIA', 'Somalí'),
(710, 'SUDÁFRICA', 'Sudafricana'),
(724, 'ESPAÑA', 'Española'),
(732, 'SAHARA OCCIDENTAL', 'Saharaui'),
(736, 'SUDÁN', 'Sudanesa'),
(740, 'SURINAM', 'Surinamesa'),
(744, 'ISLAS SVALBARD Y JAN MAYEN', 'Svalbarense'),
(748, 'SUAZILANDIA', 'Suazi'),
(752, 'SUECIA', 'Sueca'),
(756, 'SUIZA', 'Suiza'),
(760, 'SIRIA', 'Siria'),
(762, 'TAYIKISTÁN', 'Tayika'),
(764, 'TAILANDIA', 'Tailandesa'),
(768, 'TOGO', 'Togolesa'),
(772, 'TOKELAU', 'Tokelauense'),
(776, 'TONGA', 'Tongana'),
(780, 'TRINIDAD Y TOBAGO', 'Trinitense'),
(784, 'EMIRATOS ÁRABES UNIDOS', 'Emiratí'),
(788, 'TÚNEZ', 'Tunecina'),
(792, 'TURQUÍA', 'Turca'),
(795, 'TURKMENISTÁN', 'Turcomana'),
(796, 'ISLAS TURCAS Y CAICOS', 'Turcocaiqueña'),
(798, 'TUVALU', 'Tuvaluana'),
(800, 'UGANDA', 'Ugandesa'),
(804, 'UCRANIA', 'Ucraniana'),
(807, 'MACEDONIA', 'Macedonia'),
(818, 'EGIPTO', 'Egipcia'),
(826, 'REINO UNIDO', 'Británica'),
(831, 'GUERNSEY', 'Guerneseyesa'),
(832, 'JERSEY', 'Jerseyesa'),
(833, 'ISLA DE MAN', 'Manesa'),
(834, 'TANZANIA', 'Tanzana'),
(840, 'ESTADOS UNIDOS DE AMÉRICA', 'Estadounidense'),
(850, 'ISLAS VÍRGENES DE LOS ESTADOS UNIDOS DE AMÉRICA', 'Virgenense'),
(854, 'BURKINA FASO', 'Burkinesa'),
(858, 'URUGUAY', 'Uruguaya'),
(860, 'UZBEKISTÁN', 'Uzbeko'),
(862, 'VENEZUELA', 'Venezolana'),
(876, 'WALLIS Y FUTUNA', 'Walisiana'),
(882, 'SAMOA', 'Samoana'),
(887, 'YEMEN', 'Yemení');
